亜,,○ア,
哀,,○アイ○あわれ○あわれむ,
挨,,○アイ,
愛,④アイ,,
曖,,○アイ,
悪,③アク③わるい,,◎オ
握,,○アク○にぎる,
圧,⑤アツ,,
扱,,○あつかう,
宛,,○あてる,
嵐,,○あらし,
安,③アン③やすい,,
案,④アン,,
暗,③アン③くらい,,
以,④イ,,
衣,④イ,○ころも,
位,④イ④くらい,,
囲,④イ④かこむ④かこう,,
医,③イ,,
依,,○イ,◎エ
委,③イ③ゆだねる,,
威,,○イ,
為,,○イ,
畏,,○イ○おそれる,
胃,⑥イ,,
尉,,○イ,
異,⑥イ⑥こと,,
移,⑤イ⑤うつる⑤うつす,,
萎,,○イ○なえる,
偉,,○イ○えらい,
椅,,○イ,
彙,,○イ,
意,③イ,,
違,,○イ○ちがう○ちがえる,
維,,○イ,
慰,,○イ○なぐさめる○なぐさむ,
遺,⑥イ,○ユイ,
緯,,○イ,
域,⑥イキ,,
育,③イク③そだつ③そだてる③はぐくむ,,
一,①イチ①イツ①ひと①ひとつ,,
壱,,○イチ,
逸,,○イツ,
茨,④いばら,,
芋,,○いも,
引,②イン②ひく②ひける,,
印,④イン④しるし,,
因,⑤イン,,◎よる
咽,,○イン,
姻,,○イン,
員,③イン,,
院,③イン,,
淫,,○イン,◎みだら
陰,,○イン○かげ○かげる,
飲,③イン③のむ,,
隠,,○イン○かくす○かくれる,
韻,,○イン,
右,①ウ①ユウ①みぎ,,
宇,⑥ウ,,
羽,②は②はね,○ウ,
雨,①ウ①あめ①あま,,
唄,,○うた,
鬱,,○ウツ,
畝,,○うね,
浦,,○うら,
運,③ウン③はこぶ,,
雲,②ウン②くも,,
永,⑤エイ⑤ながい,,
泳,③エイ③およぐ,,
英,④エイ,,
映,⑥エイ⑥うつる⑥うつす,○はえる,
栄,④エイ④さかえる,,◎はえ◎はえる
営,⑤エイ⑤いとなむ,,
詠,,○エイ,◎よむ
影,,○エイ○かげ,
鋭,,○エイ○するどい,
衛,⑤エイ,,
易,⑤エキ⑤イ⑤やさしい,,
疫,,○エキ,◎ヤク
益,⑤エキ,,◎ヤク
液,⑤エキ,,
駅,③エキ,,
悦,,○エツ,
越,,○エツ○こす○こえる,
謁,,○エツ,
閲,,○エツ,
円,①エン①まるい,,
延,⑥エン⑥のびる⑥のべる⑥のばす,,
沿,⑥エン⑥そう,,
炎,,○エン○ほのお,
怨,,○オン,◎エン
宴,,○エン,
媛,④エン,,
援,,○エン,
園,②エン,○その,
煙,,○エン○けむる○けむり○けむい,
猿,,○エン○さる,
遠,②エン②とおい,,◎オン
鉛,,○エン○なまり,
塩,④エン④しお,,
演,⑤エン,,
縁,,○エン○ふち,
艶,,○つや,◎エン
汚,,○オ○よごす○よごれる○きたない,◎けがす◎けがれる◎けがらわしい
王,①オウ,,
凹,,○オウ,
央,③オウ,,
応,⑤オウ⑤こたえる,,
往,⑤オウ,,
押,,○おす○おさえる,◎オウ
旺,,○オウ,
欧,,○オウ,
殴,,○なぐる,◎オウ
桜,⑤さくら,,◎オウ
翁,,○オウ,
奥,,○おく,◎オウ
横,③オウ③よこ,,
岡,④おか,,
屋,③オク③や,,
億,④オク,,
憶,,○オク,
臆,,○オク,
虞,,○おそれ,
乙,,○オツ,
俺,,○おれ,
卸,,○おろす○おろし,
音,①オン①おと①ね,○イン,
恩,⑤オン,,
温,③オン③あたたか③あたたかい③あたたまる③あたためる,,
穏,,○オン○おだやか,
下,①カ①ゲ①した①しも①さげる①さがる①くだる①くだす①くださる①おろす①おりる,○もと,
化,③カ③ばける③ばかす,○ケ,
火,①カ①ひ,,◎ほ
加,④カ④くわえる④くわわる,,
可,⑤カ,,
仮,⑤カ⑤かり,○ケ,
何,②なに②なん,○カ,
花,①カ①はな,,
佳,,○カ,
価,⑤カ,,◎あたい
果,④カ④はたす④はてる④はて,,
河,⑤カ⑤かわ,,
苛,,○カ,
科,②カ,,
架,,○カ○かける○かかる,
夏,②カ②なつ,○ゲ,
家,②カ②ケ②いえ②や,,
荷,③に,○カ,
華,,○カ○はな,◎ケ
菓,,○カ,
貨,④カ,,
渦,,○うず,◎カ
過,⑤カ⑤すぎる⑤すごす,,◎あやまつ◎あやまち
嫁,,○よめ○とつぐ,◎カ
暇,,○カ○ひま,
禍,,○カ,
靴,,○くつ,◎カ
寡,,○カ,
歌,②カ②うた②うたう,,
箇,,○カ,
稼,,○かせぐ,◎カ
課,④カ,,
蚊,,○か,
牙,,○ゲ○きば,◎ガ
瓦,,○かわら,◎ガ
我,⑥われ,○ガ○わ,
画,②ガ②カク,,
芽,④ガ④め,,
賀,④ガ,,
雅,,○ガ,
餓,,○ガ,
介,,○カイ,
回,②カイ②まわる②まわす,,◎エ
灰,⑥はい,○カイ,
会,②カイ②あう,,◎エ
快,⑤カイ⑤こころよい,,
戒,,○カイ○いましめる,
改,④カイ④あらためる④あらたまる,,
怪,,○カイ○あやしい○あやしむ,
拐,,○カイ,
悔,,○カイ○くいる○くやむ○くやしい,
海,②カイ②うみ,,
界,③カイ,,
皆,,○カイ○みな,
械,④カイ,,
絵,②カイ②エ,,
開,③カイ③ひらく③ひらける③あく③あける,,
階,③カイ,,
塊,,○カイ○かたまり,
楷,,○カイ,
解,⑤カイ⑤とく⑤とかす⑤とける,,◎ゲ
潰,,○カイ○つぶす○つぶれる,
壊,,○カイ○こわす○こわれる,
懐,,○カイ,◎ふところ◎なつかしい◎なつかしむ◎なつく◎なつける
諧,,○カイ,
貝,①かい,,
外,②ガイ②そと②ほか②はずす②はずれる,○ゲ,
劾,,○ガイ,
害,④ガイ,,
崖,,○ガイ○がけ,
涯,,○ガイ,
街,④ガイ④まち,○カイ,
慨,,○ガイ,
蓋,,○ガイ○ふた,
該,,○ガイ,
概,,○ガイ,
骸,,○ガイ,
垣,,○かき,
柿,,○かき,
各,④カク,,◎おのおの
角,②カク②かど②つの,,
拡,⑥カク,,
革,⑥カク,○かわ,
格,⑤カク,,◎コウ
核,,○カク,
殻,,○カク○から,
郭,,○カク,
覚,④カク④おぼえる④さます④さめる,,
較,,○カク,
隔,,○カク○へだてる○へだたる,
閣,⑥カク,,
確,⑤カク⑤たしか⑤たしかめる,,
獲,,○カク○える,
嚇,,○カク,
穫,,○カク,
学,①ガク①まなぶ,,
岳,,○ガク○たけ,
楽,②ガク②ラク②たのしい②たのしむ,,
額,⑤ガク⑤ひたい,,
顎,,○ガク○あご,
掛,,○かける○かかる○かかり,
潟,④かた,,
括,,○カツ,
活,②カツ,,
喝,,○カツ,
渇,,○かわく,◎カツ
割,⑥わる⑥わり⑥われる,○カツ○さく,
葛,,○カツ,◎くず
滑,,○カツ○コツ○すべる○なめらか,
褐,,○カツ,
轄,,○カツ,
且,,○かつ,
株,⑥かぶ,,
釜,,○かま,
鎌,,○かま,
刈,,○かる,
干,⑥カン⑥ほす,○ひる,
刊,⑤カン,,
甘,,○カン○あまい○あまえる○あまやかす,
汗,,○カン○あせ,
缶,,○カン,
完,④カン,,
肝,,○カン○きも,
官,④カン,,
冠,,○カン○かんむり,
巻,⑥カン⑥まく⑥まき,,
看,⑥カン,,
陥,,○カン○おちいる,◎おとしいれる
乾,,○カン○かわく○かわかす,
勘,,○カン,
患,,○カン,◎わずらう
貫,,○カン○つらぬく,
寒,③カン③さむい,,
喚,,○カン,
堪,,○たえる,◎カン
換,,○カン○かえる○かわる,
敢,,○カン,
棺,,○カン,
款,,○カン,
間,②カン②ケン②あいだ②ま,,
閑,,○カン,
勧,,○カン○すすめる,
寛,,○カン,
幹,⑤カン⑤みき,,
感,③カン,,
漢,③カン,,
慣,⑤カン⑤なれる⑤ならす,,
管,④カン④くだ,,
関,④カン④せき④かかわる,,
歓,,○カン,
監,,○カン,
緩,,○カン○ゆるい○ゆるやか○ゆるむ○ゆるめる,
憾,,○カン,
還,,○カン,
館,③カン③やかた,,
環,,○カン,
簡,⑥カン,,
観,④カン,,
韓,,○カン,
艦,,○カン,
鑑,,○カン,◎かんがみる
丸,②ガン②まる②まるい②まるめる,,
含,,○ガン○ふくむ○ふくめる,
岸,③ガン③きし,,
岩,②ガン②いわ,,
玩,,○ガン,
眼,⑤ガン,○まなこ,◎ゲン
頑,,○ガン,
顔,②ガン②かお,,
願,④ガン④ねがう,,
企,,○キ○くわだてる,
伎,,○キ,
危,⑥キ⑥あぶない,○あやうい○あやぶむ,
机,⑥つくえ,○キ,
気,①キ①ケ,,
岐,④キ,,
希,④キ,,
忌,,○キ,◎いむ◎いまわしい
汽,②キ,,
奇,,○キ,
祈,,○キ○いのる,
季,④キ,,
紀,⑤キ,,
軌,,○キ,
既,,○キ○すでに,
記,②キ②しるす,,
起,③キ③おきる③おこる③おこす,,
飢,,○キ○うえる,
鬼,,○キ○おに,
帰,②キ②かえる②かえす,,
基,⑤キ,○もと,◎もとい
寄,⑤キ⑤よる⑤よせる,,
規,⑤キ,,
亀,,○キ○かめ,
喜,⑤キ⑤よろこぶ,,
幾,,○キ○いく,
揮,⑥キ,,
期,③キ,,◎ゴ
棋,,○キ,
貴,⑥キ,○たっとい○とうとい○たっとぶ○とうとぶ,
棄,,○キ,
毀,,○キ,
旗,④キ④はた,,
器,④キ,○うつわ,
畿,,○キ,
輝,,○キ○かがやく,
機,④キ,○はた,
騎,,○キ,
技,⑤ギ,○わざ,
宜,,○ギ,
偽,,○ギ○いつわる,◎にせ
欺,,○ギ○あざむく,
義,⑤ギ,,
疑,⑥ギ⑥うたがう,,
儀,,○ギ,
戯,,○ギ,◎たわむれる
擬,,○ギ,
犠,,○ギ,
議,④ギ,,
菊,,○キク,
吉,,○キチ○キツ,
喫,,○キツ,
詰,,○つめる○つまる○つむ,◎キツ
却,,○キャク,
客,③キャク,○カク,
脚,,○キャク○あし,◎キャ
逆,⑤ギャク⑤さか⑤さからう,,
虐,,○ギャク,◎しいたげる
九,①キュウ①ク①ここの①ここのつ,,
久,⑤キュウ⑤ひさしい,,◎ク
及,,○キュウ○およぶ○および○およぼす,
弓,②ゆみ,○キュウ,
丘,,○キュウ○おか,
旧,⑤キュウ,,
休,①キュウ①やすむ①やすまる①やすめる,,
吸,⑥キュウ⑥すう,,
朽,,○キュウ○くちる,
臼,,○キュウ○うす,
求,④キュウ④もとめる,,
究,③キュウ,○きわめる,
泣,④なく,○キュウ,
急,③キュウ③いそぐ,,
級,③キュウ,,
糾,,○キュウ,
宮,③キュウ③みや,○グウ,◎ク
救,④キュウ④すくう,,
球,③キュウ③たま,,
給,④キュウ,,
嗅,,○キュウ○かぐ,
窮,,○キュウ,◎きわめる◎きわまる
牛,②ギュウ②うし,,
去,③キョ③コ③さる,,
巨,,○キョ,
居,⑤キョ⑤いる,,
拒,,○キョ○こばむ,
拠,,○キョ○コ,
挙,④キョ④あげる④あがる,,
虚,,○キョ,◎コ
許,⑤キョ⑤ゆるす,,
距,,○キョ,
魚,②ギョ②うお②さかな,,
御,,○ギョ○ゴ○おん,
漁,④ギョ④リョウ,,
凶,,○キョウ,
共,④キョウ④とも,,
叫,,○キョウ○さけぶ,
狂,,○キョウ○くるう○くるおしい,
京,②キョウ,○ケイ,
享,,○キョウ,
供,⑥キョウ⑥そなえる⑥とも,,◎ク
協,④キョウ,,
況,,○キョウ,
峡,,○キョウ,
挟,,○はさむ○はさまる,◎キョウ
狭,,○せまい○せばめる○せばまる,◎キョウ
恐,,○キョウ○おそれる○おそろしい,
恭,,○キョウ,◎うやうやしい
胸,⑥キョウ⑥むね,○むな,
脅,,○キョウ○おどす○おどかす,◎おびやかす
強,②キョウ②つよい②つよまる②つよめる,○ゴウ○しいる,
教,②キョウ②おしえる②おそわる,,
郷,⑥キョウ,○ゴウ,
境,⑤キョウ⑤さかい,○ケイ,
橋,③キョウ③はし,,
矯,,○キョウ,◎ためる
鏡,④キョウ④かがみ,,
競,④キョウ④ケイ,○きそう,◎せる
響,,○キョウ○ひびく,
驚,,○キョウ○おどろく○おどろかす,
仰,,○ギョウ○コウ○あおぐ,◎おおせ
暁,,○あかつき,◎ギョウ
業,③ギョウ,○わざ,◎ゴウ
凝,,○ギョウ○こる○こらす,
曲,③キョク③まがる③まげる,,
局,③キョク,,
極,④キョク,○ゴク○きわめる○きわまる○きわみ,
玉,①ギョク①たま,,
巾,,○キン,
斤,,○キン,
均,⑤キン,,
近,②キン②ちかい,,
金,①キン①コン①かね①かな,,
菌,,○キン,
勤,⑥キン⑥つとめる⑥つとまる,,◎ゴン
琴,,○キン○こと,
筋,⑥キン⑥すじ,,
僅,,○キン○わずか,
禁,⑤キン,,
緊,,○キン,
錦,,○キン○にしき,
謹,,○キン○つつしむ,
襟,,○えり,◎キン
吟,,○ギン,
銀,③ギン,,
区,③ク,,
句,⑤ク,,
苦,③ク③くるしい③くるしむ③くるしめる③にがい③にがる,,
駆,,○ク○かける○かる,
具,③グ,,
惧,,○グ,
愚,,○グ○おろか,
空,①クウ①そら①あく①あける①から,,
偶,,○グウ,
遇,,○グウ,
隅,,○グウ○すみ,
串,,○くし,
屈,,○クツ,
掘,,○クツ○ほる,
窟,,○クツ,
熊,④くま,,
繰,,○くる,
君,③クン③きみ,,
訓,④クン,,
勲,,○クン,
薫,,○かおる,◎クン
軍,④グン,,
郡,④グン,,
群,④グン④むれる④むれ④むら,,
兄,②キョウ②あに,○ケイ,
刑,,○ケイ,
形,②ケイ②ギョウ②かた②かたち,,
系,⑥ケイ,,
径,④ケイ,,
茎,,○ケイ○くき,
係,③ケイ③かかる③かかり,,
型,⑤ケイ⑤かた,,
契,,○ケイ,◎ちぎる
計,②ケイ②はかる②はからう,,
恵,,○ケイ○エ○めぐむ,
啓,,○ケイ,
掲,,○ケイ○かかげる,
渓,,○ケイ,
経,⑤ケイ⑤へる,○キョウ,
蛍,,○ケイ○ほたる,
敬,⑥ケイ⑥うやまう,,
景,④ケイ,,
軽,③ケイ③かるい,○かろやか,
傾,,○ケイ○かたむく○かたむける,
携,,○ケイ○たずさえる○たずさわる,
継,,○ケイ○つぐ,
詣,,○もうでる,◎ケイ
慶,,○ケイ,
憬,,○ケイ,
稽,,○ケイ,
憩,,○ケイ○いこい,◎いこう
警,⑥ケイ,,
鶏,,○ケイ○にわとり,
芸,④ゲイ,,
迎,,○ゲイ○むかえる,
鯨,,○ゲイ○くじら,
隙,,○すき,◎ゲキ
劇,⑥ゲキ,,
撃,,○ゲキ○うつ,
激,⑥ゲキ⑥はげしい,,
桁,,○けた,
欠,④ケツ④かける④かく,,
穴,⑥あな,○ケツ,
血,③ケツ③ち,,
決,③ケツ③きめる③きまる,,
結,④ケツ④むすぶ,○ゆう○ゆわえる,
傑,,○ケツ,
潔,⑤ケツ,,◎いさぎよい
月,①ゲツ①ガツ①つき,,
犬,①ケン①いぬ,,
件,⑤ケン,,
見,①ケン①みる①みえる①みせる,,
券,⑤ケン,,
肩,,○かた,◎ケン
建,④ケン④たてる④たつ,,◎コン
研,③ケン,○とぐ,
県,③ケン,,
倹,,○ケン,
兼,,○ケン○かねる,
剣,,○ケン○つるぎ,
拳,,○ケン○こぶし,
軒,,○ケン○のき,
健,④ケン,○すこやか,
険,⑤ケン⑤けわしい,,
圏,,○ケン,
堅,,○ケン○かたい,
検,⑤ケン,,
嫌,,○ケン○ゲン○きらう○いや,
献,,○ケン○コン,
絹,⑥きぬ,,◎ケン
遣,,○ケン○つかう○つかわす,
権,⑥ケン,,◎ゴン
憲,⑥ケン,,
賢,,○ケン○かしこい,
謙,,○ケン,
鍵,,○ケン○かぎ,
繭,,○まゆ,◎ケン
顕,,○ケン,
験,④ケン,,◎ゲン
懸,,○ケン○かける○かかる,◎ケ
元,②ゲン②ガン②もと,,
幻,,○ゲン○まぼろし,
玄,,○ゲン,
言,②ゲン②ゴン②いう②こと,,
弦,,○ゲン,◎つる
限,⑤ゲン⑤かぎる,,
原,②ゲン②はら,,
現,⑤ゲン⑤あらわれる⑤あらわす,,
舷,,○ゲン,
減,⑤ゲン⑤へる⑤へらす,,
源,⑥ゲン⑥みなもと,,
厳,⑥ゲン⑥きびしい,○おごそか,◎ゴン
己,⑥コ,○キ○おのれ,
戸,②コ②と,,
古,②コ②ふるい②ふるす,,
呼,⑥コ⑥よぶ,,
固,④コ④かためる④かたまる④かたい,,
股,,○コ○また,
虎,,○コ○とら,
孤,,○コ,
弧,,○コ,
故,⑤コ,○ゆえ,
枯,,○コ○かれる○からす,
個,⑤コ,,
庫,③コ,,◎ク
湖,③コ③みずうみ,,
雇,,○コ○やとう,
誇,,○コ○ほこる,
鼓,,○コ,◎つづみ
錮,,○コ,
顧,,○コ○かえりみる,
五,①ゴ①いつ①いつつ,,
互,,○ゴ○たがい,
午,②ゴ,,
呉,,○ゴ,
後,②ゴ②コウ②のち②うしろ②あと,○おくれる,
娯,,○ゴ,
悟,,○ゴ○さとる,
碁,,○ゴ,
語,②ゴ②かたる②かたらう,,
誤,⑥ゴ⑥あやまる,,
護,⑤ゴ,,
口,①コウ①ク①くち,,
工,②コウ②ク,,
公,②コウ,○おおやけ,
勾,,○コウ,
孔,,○コウ,
功,④コウ,,◎ク
巧,,○コウ○たくみ,
広,②コウ②ひろい②ひろまる②ひろめる②ひろがる②ひろげる,,
甲,,○コウ○カン,
交,②コウ②まじわる②まじえる②まじる②まざる②まぜる,○かう○かわす,
光,②コウ②ひかる②ひかり,,
向,③コウ③むく③むける③むかう③むこう,,
后,⑥コウ,,
好,④コウ④このむ④すく,,
江,,○コウ○え,
考,②コウ②かんがえる,,
行,②コウ②ギョウ②いく②ゆく②おこなう,,◎アン
坑,,○コウ,
孝,⑥コウ,,
抗,,○コウ,
攻,,○コウ○せめる,
更,,○コウ○さら,◎ふける◎ふかす
効,⑤コウ⑤きく,,
幸,③コウ③さいわい③しあわせ,○さち,
拘,,○コウ,
肯,,○コウ,
侯,,○コウ,
厚,⑤あつい,○コウ,
恒,,○コウ,
洪,,○コウ,
皇,⑥コウ⑥オウ,,
紅,⑥コウ⑥べに,○ク○くれない,
荒,,○コウ○あらい○あれる○あらす,
郊,,○コウ,
香,④か④かおり④かおる,○コウ,◎キョウ
候,④コウ,,◎そうろう
校,①コウ,,
耕,⑤コウ⑤たがやす,,
航,⑤コウ,,
貢,,○コウ,◎ク◎みつぐ
降,⑥コウ⑥おりる⑥おろす⑥ふる,,
高,②コウ②たかい②たか②たかまる②たかめる,,
康,④コウ,,
控,,○ひかえる,◎コウ
梗,,○コウ,
黄,②オウ②き,○コウ○こ,
喉,,○コウ○のど,
慌,,○あわてる○あわただしい,◎コウ
港,③コウ③みなと,,
硬,,○コウ○かたい,
絞,,○しぼる○しめる○しまる,◎コウ
項,,○コウ,
溝,,○コウ○みぞ,
鉱,⑤コウ,,
構,⑤コウ⑤かまえる⑤かまう,,
綱,,○コウ○つな,
酵,,○コウ,
稿,,○コウ,
興,⑤コウ⑤キョウ,,◎おこる◎おこす
衡,,○コウ,
鋼,⑥コウ,○はがね,
講,⑤コウ,,
購,,○コウ,
乞,,○こう,
号,③ゴウ,,
合,②ゴウ②ガッ②カッ②あう②あわす②あわせる,,
拷,,○ゴウ,
剛,,○ゴウ,
傲,,○ゴウ,
豪,,○ゴウ,
克,,○コク,
告,⑤コク⑤つげる,,
谷,②たに,○コク,
刻,⑥コク⑥きざむ,,
国,②コク②くに,,
黒,②コク②くろ②くろい,,
穀,⑥コク,,
酷,,○コク,
獄,,○ゴク,
骨,⑥コツ⑥ほね,,
駒,,○こま,
込,,○こむ○こめる,
頃,,○ころ,
今,②コン②いま,○キン,
困,⑥コン⑥こまる,,
昆,,○コン,
恨,,○コン○うらむ○うらめしい,
根,③コン③ね,,
婚,,○コン,
混,⑤コン⑤まじる⑤まざる⑤まぜる⑤こむ,,
痕,,○コン○あと,
紺,,○コン,
魂,,○コン○たましい,
墾,,○コン,
懇,,○コン,◎ねんごろ
左,①サ①ひだり,,
佐,④サ,,
沙,,○サ,
査,⑤サ,,
砂,⑥サ⑥すな,○シャ,
唆,,○サ,◎そそのかす
差,④サ④さす,,
詐,,○サ,
鎖,,○サ○くさり,
座,⑥ザ,○すわる,
挫,,○ザ,
才,②サイ,,
再,⑤サイ⑤サ⑤ふたたび,,
災,⑤サイ,○わざわい,
妻,⑤サイ⑤つま,,
采,,○サイ,
砕,,○サイ○くだく○くだける,
宰,,○サイ,
栽,,○サイ,
彩,,○サイ,◎いろどる
採,⑤サイ⑤とる,,
済,⑥サイ⑥すむ⑥すます,,
祭,③サイ③まつる③まつり,,
斎,,○サイ,
細,②サイ②ほそい②ほそる②こまか②こまかい,,
菜,④サイ④な,,
最,④サイ④もっとも,,
裁,⑥サイ⑥さばく,○たつ,
債,,○サイ,
催,,○サイ○もよおす,
塞,,○サイ○ソク○ふさぐ○ふさがる,
歳,,○サイ○セイ,
載,,○サイ○のせる○のる,
際,⑤サイ,,◎きわ
埼,④さい,,
在,⑤ザイ⑤ある,,
材,④ザイ,,
剤,,○ザイ,
財,⑤ザイ,○サイ,
罪,⑤ザイ⑤つみ,,
崎,④さき,,
作,②サク②サ②つくる,,
削,,○サク○けずる,
昨,④サク,,
柵,,○サク,
索,,○サク,
策,⑥サク,,
酢,,○サク○す,
搾,,○しぼる,◎サク
錯,,○サク,
咲,,○さく,
冊,⑥サツ,,◎サク
札,④サツ④ふだ,,
刷,④サツ④する,,
刹,,○セツ,◎サツ
拶,,○サツ,
殺,⑤サツ⑤ころす,,◎サイ◎セツ
察,④サツ,,
撮,,○サツ○とる,
擦,,○サツ○する○すれる,
雑,⑤ザツ⑤ゾウ,,
皿,③さら,,
三,①サン①み①みつ①みっつ,,
山,①サン①やま,,
参,④サン④まいる,,
桟,,○サン,
蚕,⑥サン⑥かいこ,,
惨,,○サン,◎ザン◎みじめ
産,④サン④うむ④うまれる,,◎うぶ
傘,,○かさ,◎サン
散,④サン④ちる④ちらす④ちらかす④ちらかる,,
算,②サン,,
酸,⑤サン,,◎すい
賛,⑤サン,,
残,④ザン④のこる④のこす,,
斬,,○ザン○きる,
暫,,○ザン,
士,④シ,,
子,①シ①ス①こ,,
支,⑤シ⑤ささえる,,
止,②シ②とまる②とめる,,
氏,④シ,○うじ,
仕,③シ③つかえる,,◎ジ
史,⑤シ,,
司,④シ,,
四,①シ①よ①よつ①よっつ①よん,,
市,②シ②いち,,
矢,②や,,◎シ
旨,,○シ,◎むね
死,③シ③しぬ,,
糸,①シ①いと,,
至,⑥シ⑥いたる,,
伺,,○うかがう,◎シ
志,⑤シ⑤こころざす⑤こころざし,,
私,⑥シ⑥わたくし⑥わたし,,
使,③シ③つかう,,
刺,,○シ○さす○ささる,
始,③シ③はじめる③はじまる,,
姉,②あね,○シ,
枝,⑤えだ,,◎シ
祉,,○シ,
肢,,○シ,
姿,⑥シ⑥すがた,,
思,②シ②おもう,,
指,③シ③ゆび③さす,,
施,,○シ○ほどこす,◎セ
師,⑤シ,,
恣,,○シ,
紙,②シ②かみ,,
脂,,○シ○あぶら,
視,⑥シ,,
紫,,○シ○むらさき,
詞,⑥シ,,
歯,③シ③は,,
嗣,,○シ,
試,④シ④こころみる,○ためす,
詩,③シ,,
資,⑤シ,,
飼,⑤シ⑤かう,,
誌,⑥シ,,
雌,,○シ○め○めす,
摯,,○シ,
賜,,○たまわる,◎シ
諮,,○シ○はかる,
示,⑤ジ⑤しめす,○シ,
字,①ジ,○あざ,
寺,②ジ②てら,,
次,③ジ③つぐ③つぎ,○シ,
耳,①みみ,○ジ,
自,②ジ②シ②みずから,,
似,⑤にる,○ジ,
児,④ジ,○ニ,
事,③ジ③こと,,◎ズ
侍,,○ジ○さむらい,
治,④ジ④チ④おさめる④おさまる④なおる④なおす,,
持,③ジ③もつ,,
時,②ジ②とき,,
滋,④,○ジ,
慈,,○ジ,◎いつくしむ
辞,④ジ,○やめる,
磁,⑥ジ,,
餌,,○えさ○え,◎ジ
璽,,○ジ,
鹿,④しか④か,,
式,③シキ,,
識,⑤シキ,,
軸,,○ジク,
七,①シチ①なな①ななつ①なの,,
叱,,○シツ○しかる,
失,④シツ④うしなう,,
室,②シツ,○むろ,
疾,,○シツ,
執,,○シツ○シュウ○とる,
湿,,○シツ○しめる○しめす,
嫉,,○シツ,
漆,,○シツ○うるし,
質,⑤シツ,○シチ,◎チ
実,③ジツ③み③みのる,,
芝,,○しば,
写,③シャ③うつす③うつる,,
社,②シャ②やしろ,,
車,①シャ①くるま,,
舎,⑤シャ,,
者,③シャ③もの,,
射,⑥シャ⑥いる,,
捨,⑥シャ⑥すてる,,
赦,,○シャ,
斜,,○シャ○ななめ,
煮,,○にる○にえる○にやす,◎シャ
遮,,○シャ○さえぎる,
謝,⑤シャ,○あやまる,
邪,,○ジャ,
蛇,,○ジャ○ダ○へび,
尺,⑥シャク,,
借,④シャク④かりる,,
酌,,○シャク,◎くむ
釈,,○シャク,
爵,,○シャク,
若,⑥わかい,○ジャク,◎ニャク◎もしくは
弱,②ジャク②よわい②よわる②よわまる②よわめる,,
寂,,○ジャク○さび○さびしい○さびれる,◎セキ
手,①シュ①て,○た,
主,③シュ③ぬし③おも,,◎ス
守,③シュ③ス③まもる,○もり,
朱,,○シュ,
取,③シュ③とる,,
狩,,○シュ○かる○かり,
首,②シュ②くび,,
殊,,○シュ○こと,
珠,,○シュ,
酒,③シュ③さけ③さか,,
腫,,○シュ○はれる○はらす,
種,④シュ④たね,,
趣,,○シュ○おもむき,
寿,,○ジュ○ことぶき,
受,③ジュ③うける③うかる,,
呪,,○ジュ○のろう,
授,⑤ジュ,○さずける○さずかる,
需,,○ジュ,
儒,,○ジュ,
樹,⑥ジュ,,
収,⑥シュウ⑥おさめる⑥おさまる,,
囚,,○シュウ,
州,③シュウ,○す,
舟,,○シュウ○ふね○ふな,
秀,,○シュウ,◎ひいでる
周,④シュウ④まわり,,
宗,⑥シュウ,○ソウ,
拾,③ひろう,○シュウ○ジュウ,
秋,②シュウ②あき,,
臭,,○シュウ○くさい○におう,
修,⑤シュウ⑤おさめる⑤おさまる,○シュ,
袖,,○そで,◎シュウ
終,③シュウ③おわる③おえる,,
羞,,○シュウ,
習,③シュウ③ならう,,
週,②シュウ,,
就,⑥シュウ,○つく○つける,◎ジュ
衆,⑥シュウ,,◎シュ
集,③シュウ③あつまる③あつめる,○つどう,
愁,,○シュウ,◎うれえる◎うれい
酬,,○シュウ,
醜,,○シュウ○みにくい,
蹴,,○シュウ○ける,
襲,,○シュウ○おそう,
十,①ジュウ①ジッ①とお①と,,
汁,,○ジュウ○しる,
充,,○ジュウ,◎あてる
住,③ジュウ③すむ③すまう,,
柔,,○ジュウ○ニュウ○やわらか○やわらかい,
重,③ジュウ③チョウ③おもい③かさねる③かさなる③え,,
従,⑥ジュウ⑥したがう⑥したがえる,,◎ショウ◎ジュ
渋,,○ジュウ○しぶ○しぶい○しぶる,
銃,,○ジュウ,
獣,,○ジュウ○けもの,
縦,⑥ジュウ⑥たて,,
叔,,○シュク,
祝,④シュク④いわう,,◎シュウ
宿,③シュク③やど③やどる③やどす,,
淑,,○シュク,
粛,,○シュク,
縮,⑥シュク⑥ちぢむ⑥ちぢまる⑥ちぢめる⑥ちぢれる⑥ちぢらす,,
塾,,○ジュク,
熟,⑥ジュク,○うれる,
出,①シュツ①でる①だす,○スイ,
述,⑤ジュツ⑤のべる,,
術,⑤ジュツ,,
俊,,○シュン,
春,②シュン②はる,,
瞬,,○シュン,◎またたく
旬,,○ジュン○シュン,
巡,,○ジュン○めぐる,
盾,,○ジュン○たて,
准,,○ジュン,
殉,,○ジュン,
純,⑥ジュン,,
循,,○ジュン,
順,④ジュン,,
準,⑤ジュン,,
潤,,○ジュン○うるおう○うるおす○うるむ,
遵,,○ジュン,
処,⑥ショ,,
初,④ショ④はじめ④はじめて④はつ,○そめる,◎うい
所,③ショ③ところ,,
書,②ショ②かく,,
庶,,○ショ,
暑,③ショ③あつい,,
署,⑥ショ,,
緒,,○ショ○チョ○お,
諸,⑥ショ,,
女,①ジョ①おんな,○ニョ○め,◎ニョウ
如,,○ジョ,◎ニョ
助,③ジョ③たすける③たすかる,○すけ,
序,⑤ジョ,,
叙,,○ジョ,
徐,,○ジョ,
除,⑥ジョ⑥のぞく,○ジ,
小,①ショウ①ちいさい①こ①お,,
升,,○ショウ○ます,
少,②ショウ②すくない②すこし,,
召,,○ショウ○めす,
匠,,○ショウ,
床,,○ショウ○とこ○ゆか,
抄,,○ショウ,
肖,,○ショウ,
尚,,○ショウ,
招,⑤ショウ⑤まねく,,
承,⑥ショウ,○うけたまわる,
昇,,○ショウ○のぼる,
松,④ショウ④まつ,,
沼,,○ぬま,◎ショウ
昭,③ショウ,,
宵,,○よい,◎ショウ
将,⑥ショウ,,
消,③ショウ③きえる③けす,,
症,,○ショウ,
祥,,○ショウ,
称,,○ショウ,
笑,④わらう,○ショウ○えむ,
唱,④ショウ④となえる,,
商,③ショウ,○あきなう,
渉,,○ショウ,
章,③ショウ,,
紹,,○ショウ,
訟,,○ショウ,
勝,③ショウ③かつ,○まさる,
掌,,○ショウ,
晶,,○ショウ,
焼,④やく④やける,○ショウ,
焦,,○ショウ○こげる○こがす○こがれる,◎あせる
硝,,○ショウ,
粧,,○ショウ,
詔,,○ショウ,◎みことのり
証,⑤ショウ,,
象,⑤ショウ⑤ゾウ,,
傷,⑥ショウ⑥きず,○いたむ○いためる,
奨,,○ショウ,
照,④ショウ④てる④てらす④てれる,,
詳,,○ショウ○くわしい,
彰,,○ショウ,
障,⑥ショウ,,◎さわる
憧,,○ショウ○あこがれる,
衝,,○ショウ,
賞,④ショウ,,
償,,○ショウ○つぐなう,
礁,,○ショウ,
鐘,,○ショウ○かね,
上,①ジョウ①うえ①うわ①かみ①あげる①あがる①のぼる,○のぼせる○のぼす,◎ショウ
丈,,○ジョウ○たけ,
冗,,○ジョウ,
条,⑤ジョウ,,
状,⑤ジョウ,,
乗,③ジョウ③のる③のせる,,
城,④ジョウ④しろ,,
浄,,○ジョウ,
剰,,○ジョウ,
常,⑤ジョウ⑤つね,,◎とこ
情,⑤ジョウ⑤なさけ,,◎セイ
場,②ジョウ②ば,,
畳,,○ジョウ○たたむ○たたみ,
蒸,⑥ジョウ,○むす○むれる○むらす,
縄,④なわ,○ジョウ,
壌,,○ジョウ,
嬢,,○ジョウ,
錠,,○ジョウ,
譲,,○ジョウ○ゆずる,
醸,,○ジョウ,◎かもす
色,②ショク②シキ②いろ,,
拭,,○ふく○ぬぐう,◎ショク
食,②ショク②くう②たべる,,◎ジキ◎くらう
植,③ショク③うえる③うわる,,
殖,,○ショク○ふえる○ふやす,
飾,,○ショク○かざる,
触,,○ショク○ふれる○さわる,
嘱,,○ショク,
織,⑤シキ⑤おる,,◎ショク
職,⑤ショク,,
辱,,○ジョク,◎はずかしめる
尻,,○しり,
心,②シン②こころ,,
申,③もうす,○シン,
伸,,○シン○のびる○のばす○のべる,
臣,④シン④ジン,,
芯,,○シン,
身,③シン③み,,
辛,,○シン○からい,
侵,,○シン○おかす,
信,④シン,,
津,,○つ,◎シン
神,③シン③ジン③かみ,○かん,◎こう
唇,,○くちびる,◎シン
娠,,○シン,
振,,○シン○ふる○ふるう○ふれる,
浸,,○シン○ひたす○ひたる,
真,③シン③ま,,
針,⑥シン⑥はり,,
深,③シン③ふかい③ふかまる③ふかめる,,
紳,,○シン,
進,③シン③すすむ③すすめる,,
森,①シン①もり,,
診,,○シン○みる,
寝,,○シン○ねる○ねかす,
慎,,○シン○つつしむ,
新,②シン②あたらしい②あらた②にい,,
審,,○シン,
震,,○シン○ふるう○ふるえる,
薪,,○シン○たきぎ,
親,②シン②おや②したしい②したしむ,,
人,①ジン①ニン①ひと,,
刃,,○は,◎ジン
仁,⑥ジン,○ニ,
尽,,○ジン○つくす○つきる○つかす,
迅,,○ジン,
甚,,○はなはだ○はなはだしい,◎ジン
陣,,○ジン,
尋,,○ジン○たずねる,
腎,,○ジン,
須,,○ス,
図,②ズ②ト,○はかる,
水,①スイ①みず,,
吹,,○スイ○ふく,
垂,⑥スイ⑥たれる⑥たらす,,
炊,,○スイ○たく,
帥,,○スイ,
粋,,○スイ○いき,
衰,,○スイ○おとろえる,
推,⑥スイ,○おす,
酔,,○スイ○よう,
遂,,○スイ○とげる,
睡,,○スイ,
穂,,○ほ,◎スイ
随,,○ズイ,
髄,,○ズイ,
枢,,○スウ,
崇,,○スウ,
数,②スウ②かず②かぞえる,,◎ス
据,,○すえる○すわる,
杉,,○すぎ,
裾,,○すそ,
寸,⑥スン,,
瀬,,○せ,
是,,○ゼ,
井,④い,○ショウ,◎セイ
世,③セイ③セ③よ,,
正,①セイ①ショウ①ただしい①ただす①まさ,,
生,①セイ①ショウ①いきる①いかす①いける①うまれる①うむ①はえる①はやす①なま,○おう○き,
成,④セイ④なる④なす,,◎ジョウ
西,②セイ②サイ②にし,,
声,②セイ②こえ,○こわ,◎ショウ
制,⑤セイ,,
姓,,○セイ○ショウ,
征,,○セイ,
性,⑤セイ,○ショウ,
青,①セイ①あお①あおい,,◎ショウ
斉,,○セイ,
政,⑤セイ,,◎ショウ◎まつりごと
星,②セイ②ほし,○ショウ,
牲,,○セイ,
省,④セイ④ショウ④はぶく,○かえりみる,
凄,,○セイ,
逝,,○セイ,◎ゆく◎いく
清,④セイ④きよい④きよまる④きよめる,,◎ショウ
盛,⑥もる,○セイ○さかる○さかん,◎ジョウ
婿,,○むこ,◎セイ
晴,②セイ②はれる②はらす,,
勢,⑤セイ⑤いきおい,,
聖,⑥セイ,,
誠,⑥セイ,○まこと,
精,⑤セイ,○ショウ,
製,⑤セイ,,
誓,,○セイ○ちかう,
静,④セイ④しず④しずか④しずまる④しずめる,○ジョウ,
請,,○セイ○うける,◎シン◎こう
整,③セイ③ととのえる③ととのう,,
醒,,○セイ,
税,⑤ゼイ,,
夕,①ゆう,○セキ,
斥,,○セキ,
石,①セキ①シャク①いし,○コク,
赤,①セキ①あか①あかい①あからむ①あからめる,,◎シャク
昔,③むかし,○シャク,◎セキ
析,,○セキ,
席,④セキ,,
脊,,○セキ,
隻,,○セキ,
惜,,○セキ○おしい○おしむ,
戚,,○セキ,
責,⑤セキ⑤せめる,,
跡,,○セキ○あと,
積,④セキ④つむ④つもる,,
績,⑤セキ,,
籍,,○セキ,
切,②セツ②きる②きれる,○サイ,
折,④セツ④おる④おり④おれる,,
拙,,○セツ○つたない,
窃,,○セツ,
接,⑤セツ,,◎つぐ
設,⑤セツ⑤もうける,,
雪,②セツ②ゆき,,
摂,,○セツ,
節,④セツ④ふし,,◎セチ
説,④セツ④とく,,◎ゼイ
舌,⑥した,○ゼツ,
絶,⑤ゼツ⑤たえる⑤たやす⑤たつ,,
千,①セン①ち,,
川,①かわ,○セン,
仙,,○セン,
占,,○セン○しめる○うらなう,
先,①セン①さき,,
宣,⑥セン,,
専,⑥セン,○もっぱら,
泉,⑥セン⑥いずみ,,
浅,④あさい,○セン,
洗,⑥セン⑥あらう,,
染,⑥そめる⑥そまる,○セン,◎しみる◎しみ
扇,,○セン○おうぎ,
栓,,○セン,
旋,,○セン,
船,②セン②ふね②ふな,,
戦,④セン④たたかう,○いくさ,
煎,,○セン○いる,
羨,,○うらやむ○うらやましい,◎セン
腺,,○セン,
詮,,○セン,
践,,○セン,
箋,,○セン,
銭,⑥セン,○ぜに,
潜,,○セン○ひそむ○もぐる,
線,②セン,,
遷,,○セン,
選,④セン④えらぶ,,
薦,,○セン○すすめる,
繊,,○セン,
鮮,,○セン○あざやか,
全,③ゼン③まったく③すべて,,
前,②ゼン②まえ,,
善,⑥ゼン⑥よい,,
然,④ゼン④ネン,,
禅,,○ゼン,
漸,,○ゼン,
膳,,○ゼン,
繕,,○ゼン○つくろう,
狙,,○ソ○ねらう,
阻,,○ソ,◎はばむ
祖,⑤ソ,,
租,,○ソ,
素,⑤ソ,○ス,
措,,○ソ,
粗,,○ソ○あらい,
組,②ソ②くむ②くみ,,
疎,,○ソ,◎うとい◎うとむ
訴,,○ソ○うったえる,
塑,,○ソ,
遡,,○さかのぼる,◎ソ
礎,,○ソ,◎いしずえ
双,,○ソウ○ふた,
壮,,○ソウ,
早,①ソウ①はやい①はやまる①はやめる,○サッ,
争,④ソウ④あらそう,,
走,②ソウ②はしる,,
奏,⑥ソウ,,◎かなでる
相,③ソウ③あい,○ショウ,
荘,,○ソウ,
草,①ソウ①くさ,,
送,③ソウ③おくる,,
倉,④ソウ④くら,,
捜,,○ソウ○さがす,
挿,,○ソウ○さす,
桑,,○くわ,◎ソウ
巣,④す,,◎ソウ
掃,,○ソウ○はく,
曹,,○ソウ,
曽,,○ソウ○ゾ,
爽,,○ソウ○さわやか,
窓,⑥ソウ⑥まど,,
創,⑥ソウ⑥つくる,,
喪,,○ソウ○も,
痩,,○やせる,◎ソウ
葬,,○ソウ,◎ほうむる
装,⑥ソウ,○ショウ,◎よそおう
僧,,○ソウ,
想,③ソウ,,◎ソ
層,⑥ソウ,,
総,⑤ソウ,,
遭,,○ソウ○あう,
槽,,○ソウ,
踪,,○ソウ,
操,⑥ソウ,○あやつる,◎みさお
燥,,○ソウ,
霜,,○しも,◎ソウ
騒,,○ソウ○さわぐ,
藻,,○ソウ○も,
造,⑤ゾウ⑤つくる,,
像,⑤ゾウ,,
増,⑤ゾウ⑤ます⑤ふえる⑤ふやす,,
憎,,○ゾウ○にくむ○にくい○にくらしい○にくしみ,
蔵,⑥ゾウ,○くら,
贈,,○ゾウ○ソウ○おくる,
臓,⑥ゾウ,,
即,,○ソク,
束,④ソク④たば,,
足,①ソク①あし①たりる①たる①たす,,
促,,○ソク○うながす,
則,⑤ソク,,
息,③ソク③いき,,
捉,,○ソク○とらえる,
速,③ソク③はやい③はやめる③はやまる,○すみやか,
側,④ソク④がわ,,
測,⑤ソク⑤はかる,,
俗,,○ゾク,
族,③ゾク,,
属,⑤ゾク,,
賊,,○ゾク,
続,④ゾク④つづく④つづける,,
卒,④ソツ,,
率,⑤リツ⑤ひきいる,○ソツ,
存,⑥ソン⑥ゾン,,
村,①ソン①むら,,
孫,④ソン④まご,,
尊,⑥ソン⑥たっとい⑥とうとい⑥たっとぶ⑥とうとぶ,,
損,⑤ソン,○そこなう○そこねる,
遜,,○ソン,
他,③タ③ほか,,
多,②タ②おおい,,
汰,,○タ,
打,③ダ③うつ,,
妥,,○ダ,
唾,,○ダ○つば,
堕,,○ダ,
惰,,○ダ,
駄,,○ダ,
太,②タイ②タ②ふとい②ふとる,,
対,③タイ,○ツイ,
体,②タイ②からだ,○テイ,
耐,,○タイ○たえる,
待,③タイ③まつ,,
怠,,○タイ○おこたる○なまける,
胎,,○タイ,
退,⑥タイ⑥しりぞく⑥しりぞける,,
帯,④タイ④おびる④おび,,
泰,,○タイ,
堆,,○タイ,
袋,,○ふくろ,◎タイ
逮,,○タイ,
替,,○タイ○かえる○かわる,
貸,⑤かす,○タイ,
隊,④タイ,,
滞,,○タイ○とどこおる,
態,⑤タイ,,
戴,,○タイ,
大,①ダイ①タイ①おお①おおきい①おおいに,,
代,③ダイ③タイ③かわる③かえる③よ,○しろ,
台,②ダイ②タイ,,
第,③ダイ,,
題,③ダイ,,
滝,,○たき,
宅,⑥タク,,
択,,○タク,
沢,,○タク○さわ,
卓,,○タク,
拓,,○タク,
託,,○タク,
濯,,○タク,
諾,,○ダク,
濁,,○ダク○にごる○にごす,
但,,○ただし,
達,④タツ,,
脱,,○ダツ○ぬぐ○ぬげる,
奪,,○ダツ○うばう,
棚,,○たな,
誰,,○だれ,
丹,,○タン,
旦,,○タン○ダン,
担,⑥タン,,◎かつぐ◎になう
単,④タン,,
炭,③タン③すみ,,
胆,,○タン,
探,⑥タン⑥さがす,○さぐる,
淡,,○タン○あわい,
短,③タン③みじかい,,
嘆,,○タン○なげく○なげかわしい,
端,,○タン○はし○はた,◎は
綻,,○タン○ほころびる,
誕,⑥タン,,
鍛,,○タン○きたえる,
団,⑤ダン,,◎トン
男,①ダン①ナン①おとこ,,
段,⑥ダン,,
断,⑤ダン⑤ことわる,○たつ,
弾,,○ダン○ひく○はずむ○たま,
暖,⑥ダン⑥あたたか⑥あたたかい⑥あたたまる⑥あたためる,,
談,③ダン,,
壇,,○ダン,◎タン
地,②チ②ジ,,
池,②チ②いけ,,
知,②チ②しる,,
値,⑥チ⑥ね,○あたい,
恥,,○チ○はじる○はじ○はじらう○はずかしい,
致,,○チ○いたす,
遅,,○チ○おくれる○おくらす○おそい,
痴,,○チ,
稚,,○チ,
置,④チ④おく,,
緻,,○チ,
竹,①チク①たけ,,
畜,,○チク,
逐,,○チク,
蓄,,○チク○たくわえる,
築,⑤チク⑤きずく,,
秩,,○チツ,
窒,,○チツ,
茶,②チャ,○サ,
着,③チャク③きる③きせる③つく③つける,,◎ジャク
嫡,,○チャク,
中,①チュウ①ジュウ①なか,,
仲,④なか,○チュウ,
虫,①チュウ①むし,,
沖,④おき,,◎チュウ
宙,⑥チュウ,,
忠,⑥チュウ,,
抽,,○チュウ,
注,③チュウ③そそぐ,,
昼,②チュウ②ひる,,
柱,③チュウ③はしら,,
衷,,○チュウ,
酎,,○チュウ,
鋳,,○チュウ○いる,
駐,,○チュウ,
著,⑥チョ,○あらわす○いちじるしい,
貯,⑤チョ,,
丁,③チョウ,○テイ,
弔,,○チョウ○とむらう,
庁,⑥チョウ,,
兆,④チョウ,,◎きざす◎きざし
町,①チョウ①まち,,
長,②チョウ②ながい,,
挑,,○チョウ○いどむ,
帳,③チョウ,,
張,⑤チョウ⑤はる,,
彫,,○チョウ○ほる,
眺,,○チョウ○ながめる,
釣,,○つる,◎チョウ
頂,⑥チョウ⑥いただく⑥いただき,,
鳥,②チョウ②とり,,
朝,②チョウ②あさ,,
貼,,○チョウ○はる,
超,,○チョウ○こえる○こす,
腸,⑥チョウ,,
跳,,○チョウ○はねる○とぶ,
徴,,○チョウ,
嘲,,○チョウ○あざける,
潮,⑥チョウ⑥しお,,
澄,,○すむ○すます,◎チョウ
調,③チョウ③しらべる,○ととのう○ととのえる,
聴,,○チョウ○きく,
懲,,○チョウ○こりる○こらす○こらしめる,
直,②チョク②ジキ②ただちに②なおす②なおる,,
勅,,○チョク,
捗,,○チョク,
沈,,○チン○しずむ○しずめる,
珍,,○チン○めずらしい,
朕,,○チン,
陳,,○チン,
賃,⑥チン,,
鎮,,○チン,◎しずめる◎しずまる
追,③ツイ③おう,,
椎,,○ツイ,
墜,,○ツイ,
通,②ツウ②とおる②とおす②かよう,,◎ツ
痛,⑥ツウ⑥いたい⑥いたむ⑥いためる,,
塚,,○つか,
漬,,○つける○つかる,
坪,,○つぼ,
爪,,○つめ○つま,
鶴,,○つる,
低,④テイ④ひくい④ひくめる④ひくまる,,
呈,,○テイ,
廷,,○テイ,
弟,②ダイ②おとうと,○テイ○デ,
定,③テイ③ジョウ③さだめる③さだまる,,◎さだか
底,④テイ④そこ,,
抵,,○テイ,
邸,,○テイ,
亭,,○テイ,
貞,,○テイ,
帝,,○テイ,
訂,,○テイ,
庭,③テイ③にわ,,
逓,,○テイ,
停,⑤テイ,,
偵,,○テイ,
堤,,○テイ○つつみ,
提,⑤テイ,○さげる,
程,⑤テイ,○ほど,
艇,,○テイ,
締,,○テイ○しまる○しめる,
諦,,○テイ○あきらめる,
泥,,○どろ,◎デイ
的,④テキ④まと,,
笛,③テキ③ふえ,,
摘,,○テキ○つむ,
滴,,○テキ○しずく,◎したたる
適,⑤テキ,,
敵,⑥テキ,○かたき,
溺,,○デキ○おぼれる,
迭,,○テツ,
哲,,○テツ,
鉄,③テツ,,
徹,,○テツ,
撤,,○テツ,
天,①テン①あま,,◎あめ
典,④テン,,
店,②テン②みせ,,
点,②テン,,
展,⑥テン,,
添,,○テン○そえる○そう,
転,③テン③ころがる③ころげる③ころがす③ころぶ,,
塡,,○テン,
田,①デン①た,,
伝,④デン④つたわる④つたえる④つたう,,
殿,,○デン○テン○との○どの,
電,②デン,,
斗,,○ト,
吐,,○ト○はく,
妬,,○ト○ねたむ,
徒,④ト,,
途,,○ト,
都,③ト③ツ③みやこ,,
渡,,○ト○わたる○わたす,
塗,,○ト○ぬる,
賭,,○かける,◎ト
土,①ド①ト①つち,,
奴,,○ド,
努,④ド④つとめる,,
度,③ド,○タク○たび,◎ト
怒,,○ド○いかる○おこる,
刀,②トウ②かたな,,
冬,②トウ②ふゆ,,
灯,④トウ,,◎ひ
当,②トウ②あたる②あてる,,
投,③トウ③なげる,,
豆,③トウ③ズ③まめ,,
東,②トウ②ひがし,,
到,,○トウ,
逃,,○トウ○にげる○にがす○のがす○のがれる,
倒,,○トウ○たおれる○たおす,
凍,,○トウ○こおる○こごえる,
唐,,○トウ○から,
島,③トウ③しま,,
桃,,○トウ○もも,
討,⑥トウ,○うつ,
透,,○トウ○すく○すかす○すける,
党,⑥トウ,,
悼,,○トウ,◎いたむ
盗,,○トウ○ぬすむ,
陶,,○トウ,
塔,,○トウ,
搭,,○トウ,
棟,,○トウ○むね,◎むな
湯,③トウ③ゆ,,
痘,,○トウ,
登,③トウ③ト③のぼる,,
答,②トウ②こたえる②こたえ,,
等,③トウ③ひとしい,,
筒,,○トウ○つつ,
統,⑤トウ,,◎すべる
稲,,○トウ○いね○いな,
踏,,○トウ○ふむ○ふまえる,
糖,⑥トウ,,
頭,②トウ②ズ②あたま,○かしら,◎ト
謄,,○トウ,
藤,,○トウ○ふじ,
闘,,○トウ○たたかう,
騰,,○トウ,
同,②ドウ②おなじ,,
洞,,○ドウ○ほら,
胴,,○ドウ,
動,③ドウ③うごく③うごかす,,
堂,⑤ドウ,,
童,③ドウ,○わらべ,
道,②ドウ②みち,,◎トウ
働,④ドウ④はたらく,,
銅,⑤ドウ,,
導,⑤ドウ⑤みちびく,,
瞳,,○ドウ○ひとみ,
峠,,○とうげ,
匿,,○トク,
特,④トク,,
得,④トク④える,○うる,
督,,○トク,
徳,⑤トク,,
篤,,○トク,
毒,⑤ドク,,
独,⑤ドク⑤ひとり,,
読,②ドク②トク②トウ②よむ,,
栃,④とち,,
凸,,○トツ,
突,,○トツ○つく,
届,⑥とどける⑥とどく,,
屯,,○トン,
豚,,○トン○ぶた,
頓,,○トン,
貪,,○ドン○むさぼる,
鈍,,○ドン○にぶい○にぶる,
曇,,○ドン○くもる,
丼,,○どんぶり○どん,
那,,○ナ,
奈,④ナ,,
内,②ナイ②うち,○ダイ,
梨,④なし,,
謎,,○なぞ,
鍋,,○なべ,
南,②ナン②みなみ,,◎ナ
軟,,○ナン○やわらか○やわらかい,
難,⑥ナン⑥むずかしい,,◎かたい
二,①ニ①ふた①ふたつ,,
尼,,○あま,◎ニ
弐,,○ニ,
匂,,○におう,
肉,②ニク,,
虹,,○にじ,
日,①ニチ①ジツ①ひ①か,,
入,①ニュウ①いる①いれる①はいる,,
乳,⑥ニュウ⑥ちち,○ち,
尿,,○ニョウ,
任,⑤ニン⑤まかせる⑤まかす,,
妊,,○ニン,
忍,,○ニン○しのぶ○しのばせる,
認,⑥みとめる,○ニン,
寧,,○ネイ,
熱,④ネツ④あつい,,
年,①ネン①とし,,
念,④ネン,,
捻,,○ネン,
粘,,○ネン○ねばる,
燃,⑤ネン⑤もえる⑤もやす⑤もす,,
悩,,○ノウ○なやむ○なやます,
納,⑥ノウ⑥おさめる⑥おさまる,○ナッ○トウ,◎ナ◎ナン
能,⑤ノウ,,
脳,⑥ノウ,,
農,③ノウ,,
濃,,○ノウ○こい,
把,,○ハ,
波,③ハ③なみ,,
派,⑥ハ,,
破,⑤ハ⑤やぶる⑤やぶれる,,
覇,,○ハ,
馬,②バ②うま②ま,,
婆,,○バ,
罵,,○バ○ののしる,
拝,⑥ハイ⑥おがむ,,
杯,,○ハイ○さかずき,
背,⑥ハイ⑥せ⑥せい,○そむく○そむける,
肺,⑥ハイ,,
俳,⑥ハイ,,
配,③ハイ③くばる,,
排,,○ハイ,
敗,④ハイ④やぶれる,,
廃,,○ハイ○すたれる○すたる,
輩,,○ハイ,
売,②バイ②うる②うれる,,
倍,③バイ,,
梅,④バイ④うめ,,
培,,○バイ,◎つちかう
陪,,○バイ,
媒,,○バイ,
買,②バイ②かう,,
賠,,○バイ,
白,①ハク①しろ①しら①しろい,,◎ビャク
伯,,○ハク,
拍,,○ハク○ヒョウ,
泊,,○ハク○とまる○とめる,
迫,,○ハク○せまる,
剝,,○ハク○はがす○はぐ○はがれる○はげる,
舶,,○ハク,
博,④ハク,,◎バク
薄,,○ハク○うすい○うすめる○うすまる○うすらぐ○うすれる,
麦,②むぎ,○バク,
漠,,○バク,
縛,,○バク○しばる,
爆,,○バク,
箱,③はこ,,
箸,,○はし,
畑,③はた③はたけ,,
肌,,○はだ,
八,①ハチ①や①やつ①やっつ①よう,,
鉢,,○ハチ,◎ハツ
発,③ハツ,○ホツ,
髪,,○ハツ○かみ,
伐,,○バツ,
抜,,○バツ○ぬく○ぬける○ぬかす○ぬかる,
罰,,○バツ○バチ,
閥,,○バツ,
反,③ハン③そる③そらす,○タン,◎ホン
半,②ハン②なかば,,
氾,,○ハン,
犯,⑤ハン,○おかす,
帆,,○ハン○ほ,
汎,,○ハン,
伴,,○ハン○バン○ともなう,
判,⑤ハン⑤バン,,
坂,③さか,,◎ハン
阪,④,○ハン,
板,③ハン③バン③いた,,
版,⑤ハン,,
班,⑥ハン,,
畔,,○ハン,
般,,○ハン,
販,,○ハン,
斑,,○ハン,
飯,④ハン④めし,,
搬,,○ハン,
煩,,○ハン○わずらう○わずらわす,◎ボン
頒,,○ハン,
範,,○ハン,
繁,,○ハン,
藩,,○ハン,
晩,⑥バン,,
番,②バン,,
蛮,,○バン,
盤,,○バン,
比,⑤ヒ⑤くらべる,,
皮,③ヒ③かわ,,
妃,,○ヒ,
否,⑥ヒ,,◎いな
批,⑥ヒ,,
彼,,○ヒ○かれ○かの,
披,,○ヒ,
肥,⑤ヒ⑤こえる⑤こえ⑤こやす⑤こやし,,
非,⑤ヒ,,
卑,,○ヒ,◎いやしい◎いやしむ◎いやしめる
飛,④ヒ④とぶ④とばす,,
疲,,○ヒ○つかれる,
秘,⑥ヒ,○ひめる,
被,,○ヒ○こうむる,
悲,③ヒ③かなしい③かなしむ,,
扉,,○とびら,◎ヒ
費,⑤ヒ,○ついやす○ついえる,
碑,,○ヒ,
罷,,○ヒ,
避,,○ヒ○さける,
尾,,○ビ○お,
眉,,○ミ○まゆ,◎ビ
美,③ビ③うつくしい,,
備,⑤ビ⑤そなえる⑤そなわる,,
微,,○ビ,
鼻,③はな,○ビ,
膝,,○ひざ,
肘,,○ひじ,
匹,,○ヒツ○ひき,
必,④ヒツ④かならず,,
泌,,○ヒツ,◎ヒ
筆,③ヒツ③ふで,,
姫,,○ひめ,
百,①ヒャク,,
氷,③ヒョウ③こおり,,◎ひ
表,③ヒョウ③おもて③あらわす③あらわれる,,
俵,⑤ヒョウ⑤たわら,,
票,④ヒョウ,,
評,⑤ヒョウ,,
漂,,○ヒョウ○ただよう,
標,④ヒョウ,,
苗,,○なえ○なわ,◎ビョウ
秒,③ビョウ,,
病,③ビョウ③やまい,○やむ,◎ヘイ
描,,○ビョウ○えがく○かく,
猫,,○ねこ,◎ビョウ
品,③ヒン③しな,,
浜,,○ヒン○はま,
貧,⑤ビン⑤まずしい,○ヒン,
賓,,○ヒン,
頻,,○ヒン,
敏,,○ビン,
瓶,,○ビン,
不,④フ④ブ,,
夫,④フ④おっと,○フウ,
父,②フ②ちち,,
付,④フ④つける④つく,,
布,⑤フ⑤ぬの,,
扶,,○フ,
府,④フ,,
怖,,○フ○こわい,
阜,④フ,,
附,,○フ,
訃,,○フ,
負,③フ③まける③まかす③おう,,
赴,,○フ○おもむく,
浮,,○フ○うく○うかれる○うかぶ○うかべる,
婦,⑤フ,,
符,,○フ,
富,④フ④とむ④とみ,,◎フウ
普,,○フ,
腐,,○フ○くさる○くされる○くさらす,
敷,,○しく,◎フ
膚,,○フ,
賦,,○フ,
譜,,○フ,
侮,,○ブ,◎あなどる
武,⑤ブ⑤ム,,
部,③ブ,,
舞,,○ブ○まう○まい,
封,,○フウ○ホウ,
風,②フウ②かぜ②かざ,,◎フ
伏,,○フク○ふせる○ふす,
服,③フク,,
副,④フク,,
幅,,○フク○はば,
復,⑤フク,,
福,③フク,,
腹,⑥フク⑥はら,,
複,⑤フク,,
覆,,○フク○おおう,◎くつがえす◎くつがえる
払,,○はらう,◎フツ
沸,,○フツ○わく○わかす,
仏,⑤ブツ⑤ほとけ,,
物,③ブツ③モツ③もの,,
粉,④フン④こ④こな,,
紛,,○フン○まぎれる○まぎらす○まぎらわす○まぎらわしい,
雰,,○フン,
噴,,○フン○ふく,
墳,,○フン,
憤,,○フン,◎いきどおる
奮,⑥フン⑥ふるう,,
分,②ブン②フン②ブ②わける②わかれる②わかる②わかつ,,
文,①ブン①モン,○ふみ,
聞,②ブン②きく②きこえる,,◎モン
丙,,○ヘイ,
平,③ヘイ③ビョウ③たいら③ひら,,
兵,④ヘイ④ヒョウ,,
併,,○ヘイ○あわせる,
並,⑥なみ⑥ならべる⑥ならぶ⑥ならびに,○ヘイ,
柄,,○がら○え,◎ヘイ
陛,⑥ヘイ,,
閉,⑥ヘイ⑥とじる⑥しめる⑥しまる,○とざす,
塀,,○ヘイ,
幣,,○ヘイ,
弊,,○ヘイ,
蔽,,○ヘイ,
餅,,○ヘイ○もち,
米,②ベイ②マイ②こめ,,
壁,,○ヘキ○かべ,
璧,,○ヘキ,
癖,,○ヘキ○くせ,
別,④ベツ④わかれる,,
蔑,,○ベツ○さげすむ,
片,⑥かた,○ヘン,
辺,④ヘン④あたり④ベ,,
返,③ヘン③かえす③かえる,,
変,④ヘン④かわる④かえる,,
偏,,○ヘン○かたよる,
遍,,○ヘン,
編,⑤ヘン⑤あむ,,
弁,⑤ベン,,
便,④ベン④ビン④たより,,
勉,③ベン,,
歩,②ホ②あるく②あゆむ,○ブ,◎フ
保,⑤ホ⑤たもつ,,
哺,,○ホ,
捕,,○ホ○とらえる○とらわれる○とる○つかまえる○つかまる,
補,⑥ホ⑥おぎなう,,
舗,,○ホ,
母,②ボ②はは,,
募,,○ボ○つのる,
墓,⑤ボ⑤はか,,
慕,,○ボ○したう,
暮,⑥くれる⑥くらす,○ボ,
簿,,○ボ,
方,②ホウ②かた,,
包,④ホウ④つつむ,,
芳,,○ホウ,◎かんばしい
邦,,○ホウ,
奉,,○ホウ○ブ,◎たてまつる
宝,⑥ホウ⑥たから,,
抱,,○ホウ○だく○いだく○かかえる,
放,③ホウ③はなす③はなつ③はなれる③ほうる,,
法,④ホウ,,◎ハッ◎ホッ
泡,,○ホウ○あわ,
胞,,○ホウ,
俸,,○ホウ,
倣,,○ホウ,◎ならう
峰,,○ホウ○みね,
砲,,○ホウ,
崩,,○ホウ○くずれる○くずす,
訪,⑥ホウ⑥たずねる,○おとずれる,
報,⑤ホウ,○むくいる,
蜂,,○ホウ○はち,
豊,⑤ホウ⑤ゆたか,,
飽,,○ホウ○あきる○あかす,
褒,,○ほめる,◎ホウ
縫,,○ホウ○ぬう,
亡,⑥ボウ,,◎モウ◎ない
乏,,○ボウ○とぼしい,
忙,,○ボウ○いそがしい,
坊,,○ボウ○ボッ,
妨,,○ボウ○さまたげる,
忘,⑥わすれる,○ボウ,
防,⑤ボウ⑤ふせぐ,,
房,,○ボウ○ふさ,
肪,,○ボウ,
某,,○ボウ,
冒,,○ボウ○おかす,
剖,,○ボウ,
紡,,○ボウ,◎つむぐ
望,④ボウ④のぞむ,○モウ,
傍,,○ボウ,◎かたわら
帽,,○ボウ,
棒,⑥ボウ,,
貿,⑤ボウ,,
貌,,○ボウ,
暴,⑤ボウ⑤あばれる,○バク,◎あばく
膨,,○ボウ○ふくらむ○ふくれる,
謀,,○ボウ,◎ム◎はかる
頰,,○ほお,
北,②ホク②きた,,
木,①ボク①モク①き①こ,,
朴,,○ボク,
牧,④ボク,○まき,
睦,,○ボク,
僕,,○ボク,
墨,,○ボク○すみ,
撲,,○ボク,
没,,○ボツ,
勃,,○ボツ,
堀,,○ほり,
本,①ホン①もと,,
奔,,○ホン,
翻,,○ホン,◎ひるがえる◎ひるがえす
凡,,○ボン,◎ハン
盆,,○ボン,
麻,,○マ○あさ,
摩,,○マ,
磨,,○マ○みがく,
魔,,○マ,
毎,②マイ,,
妹,②いもうと,○マイ,
枚,⑥マイ,,
昧,,○マイ,
埋,,○マイ○うめる○うまる○うもれる,
幕,⑥マク⑥バク,,
膜,,○マク,
枕,,○まくら,
又,,○また,
末,④マツ④すえ,,◎バツ
抹,,○マツ,
万,②マン,○バン,
満,④マン④みちる④みたす,,
慢,,○マン,
漫,,○マン,
未,④ミ,,
味,③ミ③あじ③あじわう,,
魅,,○ミ,
岬,,○みさき,
密,⑥ミツ,,
蜜,,○ミツ,
脈,⑤ミャク,,
妙,,○ミョウ,
民,④ミン,○たみ,
眠,,○ミン○ねむる○ねむい,
矛,,○ム○ほこ,
務,⑤ム⑤つとめる⑤つとまる,,
無,④ム④ブ④ない,,
夢,⑤ム⑤ゆめ,,
霧,,○ム○きり,
娘,,○むすめ,
名,①メイ①ミョウ①な,,
命,③メイ③いのち,○ミョウ,
明,②メイ②ミョウ②あかり②あかるい②あかるむ②あからむ②あきらか②あける②あく②あくる②あかす,,
迷,⑤まよう,○メイ,
冥,,○メイ,◎ミョウ
盟,⑥メイ,,
銘,,○メイ,
鳴,②メイ②なく②なる②ならす,,
滅,,○メツ○ほろびる○ほろぼす,
免,,○メン,◎まぬかれる
面,③メン,○おも○おもて,◎つら
綿,⑤メン⑤わた,,
麺,,○メン,
茂,,○モ○しげる,
模,⑥モ⑥ボ,,
毛,②モウ②け,,
妄,,○モウ,◎ボウ
盲,,○モウ,
耗,,○モウ,◎コウ
猛,,○モウ,
網,,○モウ○あみ,
目,①モク①め,○ボク,◎ま
黙,,○モク○だまる,
門,②モン,○かど,
紋,,○モン,
問,③モン③とう③とい③とん,,
冶,,○ヤ,
夜,②ヤ②よ②よる,,
野,②ヤ②の,,
弥,,○や,
厄,,○ヤク,
役,③ヤク,○エキ,
約,④ヤク,,
訳,⑥ヤク⑥わけ,,
薬,③ヤク③くすり,,
躍,,○ヤク○おどる,
闇,,○やみ,
由,③ユ③ユウ,,◎ユイ◎よし
油,③ユ③あぶら,,
喩,,○ユ,
愉,,○ユ,
諭,,○ユ○さとす,
輸,⑤ユ,,
癒,,○ユ○いえる○いやす,
唯,,○ユイ,◎イ
友,②ユウ②とも,,
有,③ユウ③ある,○ウ,
勇,④ユウ④いさむ,,
幽,,○ユウ,
悠,,○ユウ,
郵,⑥ユウ,,
湧,,○ユウ○わく,
猶,,○ユウ,
裕,,○ユウ,
遊,③ユウ③あそぶ,,◎ユ
雄,,○ユウ○お○おす,
誘,,○ユウ○さそう,
憂,,○ユウ○うれえる○うれい,◎うい
融,,○ユウ,
優,⑥ユウ,○やさしい○すぐれる,
与,,○ヨ○あたえる,
予,③ヨ,,
余,⑤ヨ⑤あまる⑤あます,,
誉,,○ヨ○ほまれ,
預,⑥ヨ⑥あずける⑥あずかる,,
幼,⑥ヨウ⑥おさない,,
用,②ヨウ②もちいる,,
羊,③ヨウ③ひつじ,,
妖,,○ヨウ○あやしい,
洋,③ヨウ,,
要,④ヨウ④かなめ,○いる,
容,⑤ヨウ,,
庸,,○ヨウ,
揚,,○ヨウ○あげる○あがる,
揺,,○ヨウ○ゆれる○ゆる○ゆらぐ○ゆるぐ○ゆする○ゆさぶる○ゆすぶる,
葉,③ヨウ③は,,
陽,③ヨウ,,
溶,,○ヨウ○とける○とかす○とく,
腰,,○こし,◎ヨウ
様,③ヨウ③さま,,
瘍,,○ヨウ,
踊,,○ヨウ○おどる○おどり,
窯,,○かま,◎ヨウ
養,④ヨウ④やしなう,,
擁,,○ヨウ,
謡,,○ヨウ,◎うたい◎うたう
曜,②ヨウ,,
抑,,○ヨク○おさえる,
沃,,○ヨク,
浴,④ヨク④あびる④あびせる,,
欲,⑥ヨク,○ほしい,◎ほっする
翌,⑥ヨク,,
翼,,○ヨク○つばさ,
拉,,○ラ,
裸,,○ラ○はだか,
羅,,○ラ,
来,②ライ②くる,○きたる○きたす,
雷,,○ライ○かみなり,
頼,,○ライ○たのむ○たのもしい○たよる,
絡,,○ラク,◎からむ◎からまる◎からめる
落,③ラク③おちる③おとす,,
酪,,○ラク,
辣,,○ラツ,
乱,⑥ラン⑥みだれる⑥みだす,,
卵,⑥たまご,○ラン,
覧,⑥ラン,,
濫,,○ラン,
藍,,○あい,◎ラン
欄,,○ラン,
吏,,○リ,
利,④リ,,◎きく
里,②リ②さと,,
理,②リ,,
痢,,○リ,
裏,⑥うら,○リ,
履,,○リ○はく,
璃,,○リ,
離,,○リ○はなれる○はなす,
陸,④リク,,
立,①リツ①たつ①たてる,,◎リュウ
律,⑥リツ,,◎リチ
慄,,○リツ,
略,⑤リャク,,
柳,,○リュウ○やなぎ,
流,③リュウ③ながれる③ながす,,◎ル
留,⑤リュウ⑤ル⑤とめる⑤とまる,,
竜,,○リュウ○たつ,
粒,,○リュウ○つぶ,
隆,,○リュウ,
硫,,○リュウ,
侶,,○リョ,
旅,③リョ③たび,,
虜,,○リョ,
慮,,○リョ,
了,,○リョウ,
両,③リョウ,,
良,④リョウ④よい,,
料,④リョウ,,
涼,,○リョウ○すずしい○すずむ,
猟,,○リョウ,
陵,,○リョウ,◎みささぎ
量,④リョウ④はかる,,
僚,,○リョウ,
領,⑤リョウ,,
寮,,○リョウ,
療,,○リョウ,
瞭,,○リョウ,
糧,,○リョウ,◎ロウ◎かて
力,①リョク①リキ①ちから,,
緑,③リョク③みどり,,◎ロク
林,①リン①はやし,,
厘,,○リン,
倫,,○リン,
輪,④リン④わ,,
隣,,○リン○となる○となり,
臨,⑥リン,○のぞむ,
瑠,,○ル,
涙,,○ルイ○なみだ,
累,,○ルイ,
塁,,○ルイ,
類,④ルイ④たぐい,,
令,④レイ,,
礼,③レイ,,◎ライ
冷,④レイ④つめたい④ひえる④ひや④ひやす④ひやかす④さめる④さます,,
励,,○レイ○はげむ○はげます,
戻,,○もどす○もどる,◎レイ
例,④レイ④たとえる,,
鈴,,○レイ○リン○すず,
零,,○レイ,
霊,,○レイ,◎リョウ◎たま
隷,,○レイ,
齢,,○レイ,
麗,,○レイ,◎うるわしい
暦,,○レキ○こよみ,
歴,⑤レキ,,
列,③レツ,,
劣,,○レツ○おとる,
烈,,○レツ,
裂,,○レツ○さく○さける,
恋,,○レン○こう○こい○こいしい,
連,④レン④つらなる④つらねる④つれる,,
廉,,○レン,
練,③レン③ねる,,
錬,,○レン,
呂,,○ロ,
炉,,○ロ,
賂,,○ロ,
路,③ロ③じ,,
露,,○ロ○ロウ○つゆ,
老,④ロウ④おいる,,◎ふける
労,④ロウ,,
弄,,○ロウ○もてあそぶ,
郎,,○ロウ,
朗,⑥ロウ,○ほがらか,
浪,,○ロウ,
廊,,○ロウ,
楼,,○ロウ,
漏,,○ロウ○もる○もれる○もらす,
籠,,○かご○こもる,◎ロウ
六,①ロク①む①むつ①むっつ①むい,,
録,④ロク,,
麓,,○ロク○ふもと,
論,⑥ロン,,
和,③ワ,○やわらぐ○やわらげる○なごむ○なごやか,◎オ
話,②ワ②はなす②はなし,,
賄,,○ワイ○まかなう,
脇,,○わき,
惑,,○ワク○まどう,
枠,,○わく,
湾,,○ワン,
腕,,○ワン○うで,
